darin	djohnson	eight	harrassed	jobs	ucsd
nl	poland	rug	s0612596	zwart
clothes	ncr	parable	stanly
doctors
deletion	insert
anasazi	attain	dussik	karl	maleness	manage	moss	scarolina
abri
dayton	dma	dmapub	dotsonm
embarrassed	fallacy	josh	liar	lunatic	mcdowell	presenting
beleive	hoax	quotations
centre	hsr	monthly	norway	rogaland	sjoen
fraser	fraseraj	vacuum
simmons	warwick	wondered
barbara	dt	gifford	mil	navy	oasys	paradox
calendar	deletions
chdasic	sps
elijah
hindered	howard	len	pegasus
atmosphere	atmospheric	cooling	dimensional	nuclear	sagan	winter
addicts	alcoholics	band
fundamentalists
attorney	fiduciary	kelly	operating	van	vek	verbal
grosseteste
chdasic	sproul	sps
catechist	heretics
wes
chruch	elijah	enoch
festival
dreamed	myth	pythagorean	reform
leland	shimpei	survey	yamashita
character	classifications	compliance	comply	confer	consideration	constitute	dagon	dei	disobedient	ecclesia	episcopal	illegitimate	incomplete	italian	motu	obeying	ordering	orders	proprio	realities	sacraments	sanctions	schismatics	si	straighten	superset	tools	tradtion
512	522	antonio	erupt	volcano
arrived	authenticity	entered	faris	seal
cold	folly	granberry	pts	rick	rick_granberry
luom	oregon	orst	storm
kerry	kste
alba	anglo	bede	dawn	derivation	festival	resemblance	saxon	spring	thereof	variation
consumerism
foreknew	freely	murder	predestination	predestined	punish	slaughter
apparitions	arm	dragon	eden	offsprings	preparing	townfolks
harvard	monophysites	nestorianism	object	opponents	positions	seperate	theotokos
deletia	marines	newton	obeyed	ontological	questioned	summa	treatise
_______________________________________________________________________________
1364	1917	1988	1989	apostasy	apostolic	authoritative	catholique	chinese	congar	consecrated	consecrating	convicted	crisis	delictis	ecclesiastical	entitled	establishing	exercise	illicitly	informed	intention	intrinsically	involves	involving	june	laymen	offense	offenses	penalties	penalty	pontiff	pontifical	saventhem	scandalous	smear	usurpation	weakland
anthony
movie
alleged	approved	fatima	helgesen	lourdes	marty	mnhcc
combine	sets
editions	inaccurate	inconsistences	inconsistencies	thanx	translating	versions	widely
jen	jenk	kilmer	surrounding	vagina	vulva
butera	published	rice	titles
axioms	evidences	yesterday
baptismal	baptize	baptizing	commanded	drt	fold	formulae	misunderstand	misunderstanding	tucker
bottom	chart	jen	jenk	object
displayed
apparitions	investigation
boeing	bogart	jdt	snow	tomlinson	voodoo
chamberland	marc	mchamberland	uwaterloo	vacuum	violet
absurdity	average	genuine	insistent	philosphy	prof	rationalism	rationality	suspended	value	walking
clue	deletion	insert
desk	drawer	eight	equipment	garbage	harrassed	harrassment	healing	lock	marlboro	organs	paris	piece	prostitute	ray	raytheon	sheep	sub	wound	yesterday
compound	fate	finished	gas	tear
b1	iaserv	ingr	rebuilding	stevens	tcsteven
campbell	charles	eunuch	semitic
ahmad	ahmadi	canceled	devoted	foster	founder	founders	gions	hazrat	ijaz	international	islamic	issued	mainly	moderated	moderators	nabeel	opposition	persecution	prevent	proposal	proposed	rana	reli	rfd	rintintin	sect	unite	vote	votes	voting	weeks
cobb
bringing	critique	fruition	implicit	knowable	relativism	speech	surface	tractatus	witt
exagerate	goliath	hindu	impersonal	intrinsically	parting	rich
bare
jung
buddenberg	cns	jbuddenberg	jimmy	muskingum	vax
haefner
226	brave	famous	gonzaga	honoured	hospitals	immense	jesuits	marquis	patron	purity	soldier
enduring	mammal
chants	dsuvax	em	liturgical	multiple	pastors	preferences	proclamation
alterations	artificially	removing	threatened	unnaturally
fluke	tc
filling	northern	ottawa
1988	crossan	mack	pub	row
campos	castro	cathedra	honored	mayer	reformation	sections
applicable	tc
laboratory	steele
512	8029	835	champions	fuller	laboratories	pasadena	summer	tt
extant	oldest	schaffner	slac	sschaff
apologies	candidates	concede	conclusive	discovery	emerge	identify	inadequate	invalid	layman	preclude	realm	vindicated
bareiss	govt	mexican
fallacy	rhetoric
bernard	jung
readings	superstition	versa
fig	jump	parable	sit	vineyard
463	dittman	lee	sayings	sdittman	wlu
catechist
club	empros	hop	pwhite
northern	ottawa	sowing
brains	confident	dislike	fallible	loop	relativism
crucification	displayed
512	8029	835	atonement	champions	diseases	gcx1	healed	kevin	laboratories	lepers	pictel	sacrifice	tt
eats	gaus	requirement	seventh	six	skies	unfortunate
charter
burns	interfaith	mtu	wdburns	weddings
hoskins	introduction
827	opt
chonak
fox
bbs	campbell	cleef	garg	obeying	revc	van
damage	economics	forces	humanist	mammon	reverence	shift	shk	worldview
annoyed	breathed	carter	cpage	discount	entirety	nas	persecuting	saul	seas
bcstec	boeing	ceremonies	saw8712	trampled	ward
junior
bp	economics	kempja	rcwusr
arizona	bassili
evolution	pleasure
brownli	flew	fulfilled	liane	ohsu	paid	poem	thy
unwisely
_immaculate	_preternatural_	_supernatural_	amongst	anne	bearing	conception_	concupiscence	freely	gabriel	hail	maintained	remains	wrought
forgivenss	infants
realm
213	additions	adoption	appelation	athanasian	begotten	below	condemning	constantinopolitan	cyril	damasus	disputed	epiphanius	foreign	formulations	fountain	hilary	hippo	nicene	poitiers	praxeas	proceeding	procession	ray	river	root	salamis	spain	stem	tertullian
mls	siemon
chants	parishes
2yo	aunt	dxf12	fowler	hugs	rear	slap	spank	spanked	spanking
alleg	luoma	luomat	scream	whip
faithfulness	orientation
anulments
predisposition
burned	scream
stowell
jane	paralyzed	supportive	tumor	wives
clergy	dog	twelker
verify
amazing	appearances	asleep	behold	chief	chimney	christmas	claus	guard	harvard	reported	rolled	santa	shortly	soldiers	stole	stone	sysops	xx155	yfn	ysu
bocher	depending
badenas	kalivoda	requests	ted	tedr
creps	crucify	declined	easier	lateran	rubrics	thursday
attest	eating	futon	taber	webo
armstrng	season	straining
practicing
testified
abolition	centurion	hamartia	harvey	kfu	market	pharvey	quack
chdasic	sps
clator	clemson	hubcap	lbutler
abortion	atlanta	aunt	dinner	niece	prohibiting
chant	chants
anatolia	heretics	hordes	sack
energies
essene	harwood	umiacs
proportion	sitting
fashion	madonna	mtv
226	duties	extraordinary	irish	necessity	shields	si
damon	mackie
crazy	innovative	liturgical
billion	caltech	henling	lmh
awful	baptist	barber	condemnation	crave	dreamed	enjoy	eternally	illustration	jack	mount	outer	persuade	sermon	sing	terror	thirst	wont
479	64	ahab	alastair	army	bondservants	caesar	citizens	fighting	gideon	kings	neighbour	ordinance	pet	pilgrims	render	resisteth	servant	servants	soldier	strangers	strive	submission	unbelievers	unclean	yoked	yoking
eskimo	godly
manipulation
feminists	sexes	tithe
1981	generations	resources	secretary
boston	worst
france
acceptance	adherents	ambiguous	apologists	arius	ascribed	asignation	athanasius	attempted	characterized	consubstantial	distinctions	dynamic	economic	equal	essentially	features	frank	function	generated	gregory	hypostases	identical	impersonal	impossibility	indivisible	inherent	irenaeus	manifestation	manifestations	manifested	modalistic	mode	modes	monarchianism	nazianzus	neo	noetus	nyssa	origen	phase	plurality	relational	rusch	sabellius	separateness	sequence	simplex	simultaneous	sophisticated	subsistent	temporal	tertullian	threeness	trinitarianism	unified	union	unique	viewed	visible	youngstown
license	mattone	speech
chin	francisco	gary	hall	ssf
bluelobster	hunt	upe	user
belville	sharon
jprzybyl	skidmore
cit	cornell	patterson	sheila
attraction
esau	hated	jacob	kalivoda	ted	tedr
crazy	ee	excited	fundamentalist	insult	liew	mu	oz	realise	saving	selbyn	sliew	suddenly
charismatic	deon	f7	hst	n7104	strydom
1994	613	believeth	camping	cometh	cried	cry	davem	demands	desperate	despise	everlasting	forty	harold	hath	heat	indented	iniquities	jonah	mielke	nineveh	obtain	ottawa	paragraphs	refuge	substitute	teeth	thief	tract	wrath
hung	jjmarvin	mom	princeton	pucc	rage
checked	depends	epistemology	flawless	knowably	loop	shorthand	smart	zeke
jeffrey	littlejs	nation	nextwork	wilkerson
hobbes	k053730	kzoo	philip	sells	seminaries
mt
favor	worshipping
deuterocanonicals	whoah
attend	banner	charismatic	kbanner	koberg	neo	pennsylvania	pentecostal	philae	revelatory	signifying
analogies	geologists	melbourne
bass	beach	carolina	classes	cmgrawbu	erin	grawburg	kansas	management	manager	medical	nc	ncsu	paying	sophmore	store	tuition
constantine	dozen	wierd
khan	khan0095	mohammad	nova
binah	brandeis	kjv	nasb
dollar	douglas	dxf12	fowler
princeton	trait
akgua	convenant	legally	lone	ranger	rick	rjb	szanto
serving
kuhub	miner	ukans
2a	attributions	comforting	deletia	goals	mortals	objectively	sence	success
dwatson	encore	heritage	visitation	weekend	wine
bears	halat	panther
carter	cpage	roots	seas
0511	chan	database	isc10144	kent	nicodemus	nus	ridge	sg	singapore
discrimination	orientation
athmail1	causeway	prolog	qub	u9126619
constantly	divinely	dragon	eden	ending	lady	motherly	obedient	offsprings	preparing	pure	refusing	renewed	sanctuary	serpent	warns	womb
stowell
apologies	candidates	conclusive	counter	discovery	emerge	existing	finland	inadequate	invalid	kempmp	knowable	nothingness	phenomena	phoenix	preclude	realm	satisfied	successful	tautology
canterbury	disk	leadership
bryan	nextwork	whitsebd
alternatives	damon	howard	len	pegasus	premises	random
meaningless
cannanites	mene	ordered	severly	sucess
dc
albrecht	iniquities
moy
abolition	breaking	caring	centurion	dot	iota	maintaining
doctrine_	faris	helgesen	marty	mnhcc
comfortable	graham	greene	novel
cbc	documentary	massacre	rahab	reports	sermon	sheltered	spies
enmity	evangel	hail	kecharitomene	proto	serpent	sinless	sinlessness
479	64	aircraft	alastair	aviation	casualties	civilian	expansionism	f117a	f16	farli	involvement	iraq	justifible	nuclear	simulations	thomson	vietnam	weapons	zealand
discover	experienced	futon	match	taber	webo
legally	rjs2	szanto
bastards	erh0362	jersey	njit	tesla
selfish	serving
101	_response	bbn	dss	fitzmyer	nichael	scrolls_
removing
baptist	build	clouds	elijah	providence	restoration
joel	labson
merrimack
mediator	munns
complained	doll	incredibly	inflammatory	mangoe	nefertiti	racist	representations	umd	wingate
icons	sherlette	xxx
humor
brian	finnerty	saints
qualms
chonak
7th	commonwealth	newness	observe
laboratory	steele
ayoub	bassili	copt	newsletter
accredit	authenticate	authoratative	discredit	independantly	scintific	verify
drt	tucker
gilligan	howell
inevitable	massacres	mcveigh	preaches	shlrc
concepts	manipulation	mp	spanish	times_	tzotzil
dim	fertility	foreshadowings	glass	manifested
heroic	mls	siemon
challenge	pressing
______	easteee	farmer	je	kicked	mylene	referred	une	wkuvx1
futon	legend	linguists	puka	taber	webo
tp0x
asc	cossack	danc	preserved	procom	reliability	slb
tsk
gerhard
kenneth
flames
educational	flourishes
ccu	christie	chrstie	essene	harwood	manitoba	umanitoba	winnipeg
alike	esteeming	homes	regularly	walla	worshipped
ambulance	arrived	assunta	baby	fields	fr	giaeb	goretti	hospital	jerome	knife	landing	mortal
827
coporate	essay	jwaugh	magnus
analogies	missiology
qualified
addictive	benefits	buckland	conversion	demonstration	facilities	flourishes	influence	ksu	motivated	pressured	presuppositions	priority	psb	reproduce	sack	safety	sole	structure	unexplained
kuhub	miner	rhetoric	thinker	ukans
coincidence	fatima	russia	sky	stock	warned
bosnians	condone	predestination	resolved	serbians
esau	impulse	indicates	jacob	rudolf	steiner	subscribe
ballard	monastery	tibet
eaton	llcoolj
weirdness
bank
daddy
510	gideon	infj
apocrypha	ben	deuterocanonicals	guided	hath	sirach	uh
coffey	cptc2	neep	wisc
bbn	commentaries	introduction	jerome	ku	mmel	nichael	njbc	volume
constancy
ques
designing	max	observe
_____________________________________________________________________________	hale	latrobe	trobe
accomplish	andrews	antiochus	babylonian	babylonians	bobby	canaan	canaanites	captivity	chess	cowardice	difficulties	disaster	disney	doolittle	epiphanes	famine	goodness	grain	grounds	holocaust	judas	judea	judgements	julie	knot	log	morality	moves	movie	pharaoh	pilate	player	proposes	rabbi	ritual	ruler	sacrifice	screen	sculptor	spassky	stage	statue	synagogue	thrown	thwarted	walt	warner	wickedness
chin	gary	ssf
accused	lee	mandock	muir	nicholas	randal
comfort	patiently	wrongs
7th	collosions	epistles	slaves
albrecht	cyclical	suggestion
laurentian
chonak	presenting
williams
yell
billion	party	wasted
infants
hunt
arizona	bassili	eisenman	rh	robinson	stortek
disown	enemy	heritage	phase	sacrifice
employer	wages
hire	inadequate
fundamentalists	jacket	leather	pharisitical	wear
leonard	munns
binah	brandeis	characterize	distinguishes	nasb
vic
persecution	problematic
fraser	fraseraj	ireland	northern	yugoslavia
apocalypse	baruch	below	carthage	clement	commentaries	counted	debated	decree	deutero	deuterocanon	disqulaify	ecclesiastes	ecclesiasticus	exclude	excluded	ezra	faithless	four	jeremiah	jude	judith	lamentations	maccabees	muratorian	nehemiah	psalms	quotation	reckoned	referenced	ruth	septuagint	sirach	solomon	songs	tobit	twenty	vaticanus
broke	clitton	opie	rod	shephard	tammy	walla
armstrng	halifax
827	crucification	garden	joh	plea	presense
catechist	tombs
arts	cbnewsh	ka2czu	martial	switzer
huntbach	keen	motivated	qmw
realities	sphere
dog
holland	rcfec	swimmer
condem	oyster	proscribed	smcm	stoney	toney
dsuvax	lazarus
jad
jude	merciful	rightness	slow	thousands	ungodly
franky	rich0043	richardson	tc	umn
451	____	_____	alexandrians	ayoub	camps	compromise	cyril	declaration	ecumenical	exile	extremes	leading	madison	monophysites	nabil	nestorians	politics	remained	terminology	wisc	wisconsin
______________________________________________________________________	sintef
activity	marxhausen	nebraska
khan	khan0095	mohammad	nova
criticize	harsh	humanist	myth	pinpricks	presuppositions	separated	skeptical	skeptics	thinker
conciousness	dies	schnitzi	schnitzius	teeth	ucf
immaculately
abolished	asleep	brethren	delivered	enemies	sysops	vain	xx155	yfn	ysu
armstrng	halifax	prodigal
angelic	koberg	tongue
bryan	nextwork	whitsebd	whitsell
tsmith
awaken	boxes	buddha
eskimo	grading
fsspr	homosexuals	loisc	march	perry	sean	troy
healing	medicine
babes	endowment	forbidden	idler	lds	mormons	nephi	ordinances	ritual	rituals	utter	vision
folly	granberry	pts	rick	rick_granberry
indicators	levi	priesthood	rebuilding	stovall	ucla
armstrng	goer	halifax	immaterial
pgh	sayre	shredder	telerama
coherent	contingent	kalivoda	meta	ted
330	broadway	morgan	socs	sydney	uts
tammy	walla
memory	starting
cox	msfc	nasa	seventh	sherman
chin	gary	ssf
orders
annother	crutch
clergyman	drivers	forsaking	front	insistence	insists	license	listmember	mutual	obligation	poetry	preacher	prefers	prospective	rhetoric	till
albany	correspond	csc	geological	schimmrich	ss6349
_sure_	chemical	domain	emerge	finland	kempmp	meta	phoenix	spark
1cor	90	lou	ps
conjectures	lazarus
teeth
hears
atc	eggert	eggertj	evangelistic
becker	comprehend	mad	proclaim	remark	substantiation	supper	theologian	tran	uh	witnessing
antti	helsinki	hut	lahelma	metaphorical	mtf
legend	malachi	sacrafice	seat
sorceress	witch
quebec	ques
laboratory	steele
7th	breaking	calvin	covenanent	decalogue	demands	heb	heirs	homes	inclusion	mandated	mosaic	participating	radical	reformed	sinai	speeding	transgression
632	708	circle	headbangers	metal	motorola	ogden	promote
imposing
confident	fallible	formed	interpreter	invites	misc	necessity	siemon	smiley	trusted
dominated	ethic	option	respects	sexist
fil	hostility	repress	sapienza
642	bare	canterbury	cctr114	christchurch	csc	phrases	rea	speaker	zealand
exceptions	turns
caltech	henling	lmh	poland
dohertyl	gla
distinguishes	judges	missouri
compsci	csc	liv	martyn	mellodew	u0mrm
carolina	march	ncsu	storrs	tru
arizona	idolatry	jude	leviticus	lists	muir	rape	sodom
baptised
affairs	attributes	brownli	carrying	centered	col	eph	heb	isa	liane	ohsu	oregon	psa	redemptive	sovereign
attacks	defeated	towns	violations
criticize	exclusivity
boston	bu	engel	kene
faris	laity
massacre	reports	shalkowski	troubled	uwa
dragon	fought	hurled	kicked
birdhouse	build	imperfect
uh	vic
enoch	kicked
csl	fred	gilham	gold	prediction	predictions	sri
bed	betrothed	intercourse	occurs
attitudes	cardenas	curses	deserve	forgiving	misfortune	types
beauty	handiwork	hayward	intricate	jonathan	tapestry	wheaton
cobb	extant	hal	heydt	pacbell	pacific	pbhya	whheydt
courses	exegesis	instruction	presbyterian	semester	seminaries
alleged	blass	consistency	copists	describes	extract	forger	forgers	forgery	holographs	nibley	objects	purportedly	scholar	tested	testing	tests	thereof	und
color	skin
cold	indoctrinated	washed
330	broadway	deon	horse	morgan	socs	strydom	sydney	uts
feminine	masculine	unbalanced
butera	review	rice
acrid	bb	bbbbb	keele	pomeroy	sarcastic	u2i02
000	200	agenda	fsspr	gay	ryan	sean	watching
contraceptive	rates	stephens
_______________________________________________________________________________	oyster	smcm	stanley	stoney	toney
sherlette	status
animal	brains	experimental	field	measurement	observation	physicist	trusted
212	authoritarian	authoritative	comprehend	degrees	determining	en	instructions	relative
esu	khan	khan0095	mohammad	nova
bakker	hoh	mbl	rgolder	secretary	stewardship
terrorism
hindered	wives
circumstance	circumstancial	crucification	defeated	failures	humankind	intentional	landru	reflects	robp	weatherhead
arndt	comic	darndt	gac	hart	johnny	mailing	nic	strip
buddhists	explanatory	melbourne	phs431d	possessed	sphere	vaxc	visible
acad1	randerso	sahs	tmc	uth
grown	mist	sun075
12st	altar	christi	christos	commercial	corpus	shift	symbol	vestments
discover	enduring	equal	mammal	nicely
behaviors	deserve	deserved	deviant	engage	kevin	ludicrous	pictel
dragons	dungeons	fanzine	fiction	helgesen	marty	mnhcc	requests
ec
______________________________________________________________________	koberg	sintef
501	756	dependence	nation	overruling	sysops	xx155	yfn	ysu
cyclical	prophetically	suggestion
bucknell	doug	sturm
512	522	antonio	daddy
vic
beware	establishment	gold	hepis	leonidas	lhep_ltd	prediction	prophesies	prophesy	uhura
cheats	grading	quinn
affects	disprove	experiment	experiments	hypothesis	lang	objects	observations	progress	represent
sherlette
fertility	festival
abigail	brethren	concordance	darby	laurentian	online	ramsey	realiability	scofield	shawn
approval	boston	clique	committees	division	divisions	loon	maarten	organizations	retreat	van	warn
atoms	mortal	schnitzi	schnitzius	teeth	ucf
army	objecting	pacifist
trade
tasks
sample	spank
forensic	listserv	substitution
cmgrawbu	grawburg	marraige	nc	ncsu
cannon	overlap
conducting
crystal	prone
abundant	atheistic
lieuwen
dab
compassion	everlasting	extinction	ff	pleasure	punishing	sending	sulfur	torment	tormented
eng10205	ling	nus	online	realiability	scofield	sg	siew	wee	wilfred
boxes	mindedness	robertson	rush	viewpoint
board	bulletin	carolina	gene	graverobbers	gross	robbing	stealing	unc
bourke	christi	corpus	fr
futon	taber	webo
interpreting
kings	manuscript	veracity
condem	laurentian
albrecht	corruption	launchbury	parables	pharisees	yeast
convictions	crystal	reliably
510	activities	drawing	energized	extroversion	extrovert	infj	introversion	introvert	introverted	personalities	personality	preference	psychology	thrive
mutual
crime	penalty	refute	revenge
202	629	707	admission	allen	antiquities	archaeological	baltimore	dame	emeritus	exhibition	grunberger	hebraic	judaica	madison	mumford	nigel	notre	opening	scroll	session	shmaryahu	speakers	talmon	thursday	wednesday
israeli	permission	rebuilding	site
celebrating	philemon	phrasing
boswell	psu	publication	rite	rites
cit	cornell	patterson	sheila
esotericism	ide	twelker
horse
conscious	eskimos	hmmm	hunting	immortality	perpetuation	survival
ceremonies	endowment	eusebius	freemasons	gnosis	gnostics	jay	jwindley	mason	mormons	nibley	rite	rites	ritual	rituals	secrecy	temples	utah	windley
827	burned	flogged
claire	compliance	eau	wiccan	wisconsin	witches
ccscola	columbia	columbiasc	creps	guidelines	innovations	kershner	kwyatt	lector	lent	ncr	parishes	wyatt
alike	differing	glass	necessarilly	six	tall
converge	eli	genealogies	genealogy	jewishness	nathan	paternal	resolves	rights	rudolf	solomon	steiner	thirty	traces
barabbas	caesar	csl	cynical	daring	fred	gilham	herod	liberating	madman	skeptical	sophomore	sri	thousand
gene	gross	mack	stealing
scriptura	sola
melbourne
carter	cpage	glorifies	munns	nas	seas	unholy
aristotle	deliverer	egyptians	eschatology	garden	greece	growth	nimrod	oath	openly	originated	spell	tangents	underlying	wrath
assembling	bang	inert	max	singularity	spark	webb
632	708	circle	motorola	ogden
tasks
condoms	contraceptive	curricula	rates	siecus
announced	missiology
awfully	intolerance	neighbor	success
bezae
compliance	confer	councils	disobedient	sacraments	schismatics	split	superset
