clearasil	dalacin	greasy	pimples	scalp	teenage	teenager	till	whitehead
soe
hsc	instructions	insulting	libman	marlena	rap	responded	usc
ossi	tammy	texx	vandenboom
arrhythmia	ekg	irregular	potassium
234	403	aching	calgary	employed	luft	occured	scar	tylenol	vgwlu
encore	groin	orthoscopic
equator	steere
austria	gasch	neurodermitis	oracle	rgasch
contractor	ebay	jimj	jones	lasting	rashes
circumstances	construed	consult	gemini	heading	informational	infotrac	instruction	intestines	monilia	mosby	relating
basement	crank	hokum	leaf	paranormal	photographs	preclinical	soviet	sparks	union
johnson	marconi	mrc	paj	plaques	sides	sore	tonsilitis
lb
dmp1	principles	procida	ukc
annick	cortex	physiol
kelley	stsci	vet
ab20	coffee	unwanted
lrc
yeasts
cbnewsj	kuhub	lungs	ukans
brooksby	carriers	menangitis	tip
gartds	star
aoa	utc
calamari	rogers
apologies	ist	overworked
07	1636	269	actg	activists	adjuvant	administrator	alum	announced	azt	backs	begins	berkley	billion	biocine	boost	bureau	calif	calls	cd4	compare	conducting	consultation	created	dale	decade	delay	dental	dentist	donna	drs	economic	endemic	est	expertise	fauci	fight	florida	formerly	funds	gellert	genentech	global	grants	hampshire	herpesvirus	hhs	hotline	hrsa	immunity	immunodeficiency	improve	independently	inhibited	initial	interventions	jama	katz	killer	kopp	latest	leadership	lusso	lymph	malaria	mcnamara	molecule	nationwide	niaid	nidr	nordenberg	nurse	oam	opened	papilloma	pediatric	pharmacist	phase	priorities	proved	rapidly	receptor	scaling	secretary	seth	shalala	spanish	stimulate	therapeutic	tolerated	transmission	tumors	village	volunteers	vulnerable	wart	workers	worldwide
burnt	survive
abscess	ksc	mdcorp	tardis
asp	blah	deleterious	gh	margin	neurotoxicology	presence	projected	remarks	sc	sensitivities
gb	neuronal	perspective
crazy	herman	hrubin	physicist	rubin	screwy	snap
prolactin
century	judgement	judgements	rigor	subjective	twentieth	validity
i_
bald	dizzy	spells
880506s	acadia	acadiau	paxil	skinner
inserts	package	pdr	pharmacist
eyelid	twitching
overbloom
corneal	erosion	london	mrl	nerus
cognitive	kuhub	promoting	relaxation	sessions	superior	ukans	vonwaadn
harmless	puffy	scarolina	steak
anasazi	chalmers	dana	dussik	etek	faber	karl
meniere
harry	matthews	oswego
backon	huji	inhibitor
breathing	electronics	kirchoefer	naval
ballard	dataman	desease	penguin	sarchoidosis
_j	absorbed	barkdoll	baylor	cone	eb3	edwin	outputs	photons	photoreceptors	physiol	respondent	rods	soe	texts	vision_	visual	wavelength
ab	eriksson	konsult	kristoffer	mistake	oerebro	peridot	pkmab	ske	sweden
lindy	olsen	prophylaxis
criticism	physicist	proponent	velikovsky
morphine	origin
xanax
dilute	plants	rhine
klonopin
css	seismo	vagus
disposable	greenstein
castle
dermatologists	lasers	pedis	tinea
bizarre	debbie	dreams	gwu	seas	sheryl
515	972
cmptrc	computrac	heh	richardson
personalities	scratch
valley
c599143	keeler	matthew	missouri	mizzou1	thier
brooksby	menangitis
concepts	grins	inductive	microsoft	ted
herman
ak949	donate	malarial	yfn
acquiring
tamu
aden	digest	discouraged	evaluation	grain
dfield	informix	infospunj	polytechnic
attitudes	balcony	effectiveness	gee	judgement	marginal	misjudged	nlpers	phobia	trauma	traumatic	visualization
foreskin
alex	almaden	amiller	disc	l4	l5	neurosurgeon	protruding	symptom
catfish	mississippi	purify	river
ralph
bnr	candee
agent	caprette	dsc	gemini
compensate	eyeball	fsu	myopia	relaxation	scri	shorten
ming	nctu	tw	vd	zhou
hence
acclimatization	russ
alien	citizen	resident
acknowledgment	cfv	dependent	diabetic	discussions	pertaining	voting
cipr	crd	ge	milsh	milshteyn	quote
gnd1	gtefsd	wtp
prostanoid	ratio
neustaedter	stratus	sw	tarl
adriana	gilmete
aches	preparations
hitting	janice	opposite	pitch	players	rathmann
boulder	closed	deantha	eyedness	menon	refractive	stare
hunchback	isabelle	rosso
114	213	215	263	300	305	313	5868	600	716	actively	agency	airborne	albert	announcement	azt	birmingham	boulevard	campbell	carbon	centimeter	clancy	clearinghouse	cleveland	clinton	consortium	core	designated	detroit	duarte	effectively	eight	engage	engaged	federal	files	frank	incoming	lancet	macintosh	meyer	miami	michigan	microgenesys	micrograms	millimeter	morbidity	mortality	msdos	multidisciplinary	norris	outreach	ozone	philadelphia	pm10	pollution	priority	repository	roughly	saisho	schwartz	screening	shalala	shareware	statement	tennessee	tucson	uci	upload	vermont	welcome
abandon	accuracy	ayurveda	beat	crystals	earth	flat	god	peers	steady
chem	oakland	ouchem	sumatriptan
acidic	alkaline	americans	candidiasis	carbohydrate	creams	diabetics	distress	existent	flora	gynocologist	lactobacillus	manages	membranes	nonpathogenic	occult	osu	pathogenic	predisposing	remembering	symptomatology	teaching
56	anu	auras	bls101
57	aches	cit	cornell	crux3	nathan	preparations	tue
acyclovir	intravenous	shingles
1946	ampex	chorley	nhs
ccfa
strikes
grazing	scar	scaring	westminster
inhaler	proventil	rick	ysub
engineered	flawless
antidepressants	craig
tremor
appetite	cans	cups	government	kg	milligrams	pku	sweetened	uvm
chinet	dhartung	hartung	standoff
desperate	vd
268	648	carnegie	cultural	engineers	fellowships	internships	jstmp	manufacturing	mellon	objectives	participants	tuition
beet	tis
jeff	jeffp	parke	veterinary	vetmed	wsu
antineoplastons	compuserve	father	glioblastoma	helix	jschwimmer	oncologist	rapidly	scheim	schwimmer	wcc	wccnet
boeing	cfdd50	clots
killers	llnl	pk115050	wvnet	wvnvms
secaris	vaseline
dump	milligan	nancy	npm
unocal
bed	ceredase	deb	gaucher	genzyme	intacc	waddington
analgesic	conduction	contribute	drs	emg	fiornal	herniations	horrible	hysterectomy	janice	l4	motrin	naprosyn	nsaids	ovary	pelvic	rathmann	regularly	traction	xrays
sue
isoit109
civil	ubc
engr	latech	waco
adobe	nichols	sherri	snichols
lauger	mdc	naproxen
hypertension
engineered	flawless
mryan	receptionist	stsci	telescope
bytor	cruz	cruzio	lupus	santa
aches
gb	hmos	ordering
alu	copies	transposons
barr	cherney	ebs	epstein	jcherney
adjust	sacrum	vertebrae
ericsson	mats	stockholm	winberg
acad
intuition	ultimately
ab961
chiropractor	chiropractors	spinal
bebmza	beverly	chvpkh	sru001	vaseline	zalan
avery	enantiomers	griffiths	racemic	resemble	tartaric
1974	acidic	andersom	bartoshuk	berries	gentile	meiselman	miraculin	moskowitz	receptors	sour	sweet
forestry	hsp	olmstead	sherry	solmstead
career	decide	lindae	meniere	productive	puzzle	searching
neurological
equator	knowledgeable
beer	delany	sassafras
slyx0	surprise
hep	hepatic	hepatitis	mcrae	simon	sinclair
clarke	duca	eyepiece	fits	hitachi	speculum
trenches
calamari	dallas	giammarco	marco	rogers
tammy	vandenboom
broke	tape
donors	resident	transplants	xenografts
bored	centrifuge	lincroftnj	tubes
01	253	263	276	30k	310	3270	414	455	495	504	508	6000	625	644	690	703	766	961	972	accessories	accucorp	accukey	adapt	agenda	alternatives	announced	arranged	availability	ave	backward	bbc	boxes	braille	built	buttons	cable	cal	carroll	chording	chords	cliff	combinations	comfort	comp	compatibility	court	custom	desktop	dgp	discounts	dollars	dots	dragondictate	dragonwriter	driver	erb	expo	flexpro	functions	grade	graphics	haifauvm	hardware	hook	infogrip	iocomm	jaffe	jeffrey	katz	keypad	keysystem	keytronic	kinesis	kingdom	kt	lasser	letters	macintosh	mandy	microwriter	mikey	morgan	motion	mt	nosc	octima	operated	oxford	pedal	piece	pod	president	prg	prices	ps	purchase	qwerty	ravi	resembles	rxhfun	sales	sections	sell	sgi	shift	silicon	sinai	sold	sparc	split	spoofing	style	supported	surrey	switch	switches	terminals	tilt	tower	tronic	twiddler	upgrade	vanharen	vendor	vendors	versions	woltring
amy	cea	mossman	scallops
1qkdpk	5k6	cea	mossman	pan	restuarant	scallops	served
aries	gainesville	mcdonald	scs
annick	cortex	physiol
papain	scarolina	tenderizer
copies	feyerabend	fleming	forces	generating	hatreds	petty	phage	runny	transposons
jesse	landau
babies	births	breech	decisions	encourage	grandfathers	hemorrhage	maternal	surroundings	trentu	wives
613	bell	bnr	kusumakar	vilok
237	alaska	b30	bailey	balluff	barash	barkdoll	bayne	beaudot	ben	boeing	brad	brader	brent	bsmart	cam	canrem	carey	carr	cellar	chi	coleman	collier	compton	compuserve	cordell	csv	demonn	desilets	dg	disc	dla	du	eder	edwin	elisha	ergo	ericsson	evans	farrar	fr	frank	franklin	freeman	glenn	gmu	goetz	goolsby	gregory	gunnar	hal	henry	ingr	janzen	jeremy	jerry	jonathan	jp	julius	kari	karp	kathi	kessner	koski	lau	leland	levi	lhdsy1	linton	math	maynard	measurex	merkle	mignon	minsky	mitchell	mixcom	mizzou1	mosaic	muir	nistuk	norman	nyx	passes	pierce	porter	rauss	remke	rob	robsho	roger	ross	ryan	shapard	stewart	stu	susan	swain	szabo	tek	teracons	thompson	thoresen	tim	treon	uc	uceng	umbc	una	uncc	upenn	urlichs	voted	vub	warwick	wiesel	william	xakellis	yale	yarvin	yazz	yfn
bothers
avoided	digest	discouraged	enhanced	fudge	grain	spencer
andy	maine
227	betty	carderock	dt	nswc	oasys
disprove	overbloom
elizabeth	meningococcus	neiseria	walkup
acad
aristotle	discipline	gathering	newtonian	novel	paradigm	spontaneous	tion	tripos
dietician
1946	ampex	nhs
klier	pediatrics
accutane
autosomal	recessive	uvcc
100grams	130mg	absorbed	catabolism	clin	enzymes	excretion	females	glycine	gram	hyperoxaluria	int	osu	oxidases	pathway	pyridoxine	ratio	remembering	requirement	stating	supplementation	transaminase	urinary	urine	urol	variable
levin
4th	molnar	squats
estrogen	jupiter	spk
bike	cycling	estimate	fiber	hungry	kfl	metabolism
lunger	stage
wvnet	wvnvms
akins	bowl	candy	frosted
strikes
jose	probability	uwo	volvulus
lstc2vm	pack	plate	stortek	stratus	suppliers	sw	tarl	variations
angle	csd4	hahn	muscular	oxford	switch
huxley	lecture
arguing	chiropracty	faulty	flaky	methodologies	rely	uq
atmosphere	helium
nmr1	sandy	silverman
compliance	iscsvax	strains	virulent
451	71	aimed	animated	appointment	batch	beeps	calendar	card	character	chb	clock	compuserve	configurable	configure	demo	describes	descriptions	digital	discounts	displays	donkin	dvorak	enter	entry	ergonomics	eyercise	fixed	hardware	hoskyns	hsh	hypertext	interval	job	jobs	keystrokes	licenses	mach	manage	messages	queue	richardd	screen	servers	setup	shar	stressfree	stretches	submit	sunos	timer	timers	tsf	typewatch	underway	usable	versions	visual	warn	watches	zephyr
dieting
004021809	1095	283	607	61	6299	acn	analyst	anderson	aust	cervical	cmutual	colonial	ganderson	gavin	mutual	whiplash
debbie	intercourse
podiatric	podiatry
aunt	benign	millie
lunulas
encore	heffner	repair
nmr1	sandy	silverman
neurasthenia
116305	3r8	aflatoxin	c5uq9b	c5x3l0	cmb00	fri	lrj	toads
psychoactive	psychoactives	recreational	turnbow	william	williamt	workable
jmetz
dogs	jeff	jeffp	lameness	manufacturer	parke	veterinary	vetmed	wsu
matthews
carcinogen	dye	goals	nitrosiamines	outlaw	quake	vitamins
crullerian	crullers	donuts	metal
ghilardi	unibas	urz
neurology
frank	fujita	neuroticism
readily
document
assumes	ginzberg	reader	rginzberg	ruth
barbara	carson	cats
cbnewsk
mmatusev
conclude	csl	disasters	eats	incidents	uicsl
jeeves
gtefsd	nasal
archimedes	buoyancy	meditating	microsoft
loud
slyx0
als	atrophy	biopsy	clinically	complain	denervation	deterioration	emg	fibers	ks	potentials	pps	recognised	reinnervation
paxil
aio
brandeis	reynold	szikopou
grounds	novelty
disposable
frosted
julie	shove
ovarian
cornea	correction	depth	lenses
brundage	magazine	oregon	sarah	sbrun	uoregon
brandon	brylawski	receptionist	urgent
lrc
colitis	dosing
yeasts
eliminate	heather
berry	cmb00	kix
conversion	dl	fasting	plasma	roughly	strips	teitz	values
avk	lst	ltd	melittin	msk
calculus	certainty	corporate	institutional	leibniz	newton	nonetheless	perfectionism	readily	statistical	trade
feeding	nursing	respectively	tripos	unfit
cleveland	fool	poet	romano
accreditation	qa
centre	chat	debra	dgbt	patrick	telnet
ab	americans	avenues	balanced	btw	carbohydrate	cilia	compete	competent	complex	core	diffuse	distress	ent	exhausted	existent	funding	histories	hyphae	implies	informative	irritation	iu	ivker	lethal	license	manages	membranes	niacin	nizoral	nonpathogenic	noticeable	occult	ostia	overuse	pathogenic	phlegmatic	raise	rast	reach	reject	retentive	roots	sinusitis	species	symptomatic	temperament	toxicity	trait	unproven	valuable	venom	viewpoint
9000	adjustment
cern	filipe	fr	ircam
chelated
aquarius	biologically	created	edwards	grante	objects	rosemount
surprise
bowl	frosted
aspartate	neurotransmitter	soft	undisputed
bacitracin	executive	haan
carson	dfitts	fitts	ra	warm
andrea	cilia	immotile	inversus	ncsu	organs	pediatrician	situs
custer	wrc	wrgrace
novelty
inner
632	halcyon	markmc	mcwiggins
brands
tijc02	unproven
mvs	sastls	tamara
metabolized	uvm
backon	huji	regis	sjogren	zonker
claussen
aberdeen	adams	allen	altoona	amherst	arlington	assured	attleboro	auth	barre	beacon	belmont	bethlehem	bozeman	bridgeport	brockton	brookline	butte	canton	centralia	chelsea	clinton	consolidated	council	creek	dedham	defense	dist	dpw	erik	everett	filter	filtration	fitchburg	framingham	gardner	glens	greenville	hadley	harrisburg	hazleton	henrietta	hilton	hingham	hub	johnstown	keene	lock	lynn	malden	marblehead	marie	marquette	medford	melrose	nation	ndallen	needham	newburyport	node	northampton	norwood	nrdc	olson	pg	pollution	quincy	released	reservoir	revere	rockland	rutland	salem	saugus	sault	sewer	somerville	southbridge	ste	stoneman	swampscott	sys	tamaqua	twin	vulnerable	waltham	watertown	waynesboro	wd	westboro	weston	wilkes	winchester	winthrop	woburn	worcester	yorktown
citib	cmptrc	computrac	fig	ghica	richardson	sedative	tranquilizer
magnets
eliezer	emission	jobs	llnl	resolution	tomography
117	1qk708inna12	bacitracin	dehp	drand	mojo	osf	rand	septra
erythromycin	pneumonia	pneumoniae
05	184305	18758	79727	hyperactivity	kathryn	sat
alice	frozen	lawn
centrifuge
krzeszewski	ski
concert	fertility	rock	uteris
antihistamines	coppenger	gwu	lrc	seas	sheryl
beer	delany	sassafras	ubvm
ache	controlling	discrepency	drinking	flu	inhaling	noxious	pollens	synergystic	undetected
correction	depth	dfield	infospunj	lenses	polytechnic
husc11	knots
52	693	berthe	chirurgie	choueiry	di	ecole	english	epfl	federale	french	lausanne	lia	liasun1	ne	polytechnique	translation
geometry
adriana	gilmete
ballard	dataman
cvo	excitotoxin	ohsu	tong
aerospace	lauger	mcdonnell	mdc	ssdgwy
mixed	prostanoid	ratio
broke
accutane
clarke	eyepiece	speculum
ldgo
conclude	lamont	ldgo	motives
citr	geraghty	rob	robg	uq
scott	skidmore	sleeping
daypro	oxaprozin
cholesterol	hdl	ldl	nwu	sector
eliminate	heather	pku
biologysx	council	lan	nash	nrc
dye	dyes	nitrosiamines	outlaw	sulfites
oxford
counselor
ghica	sedative
checkman
kaiser	len	singla	uic
lewitt	melewitt	ncube	nm	sandia
109	1st	345	_______________	_______________________________	applying	balls	catalog	clockwise	counter	coutellier	critique	eased	handles	laying	lightly	massage	massaged	mountain	newer	occipital	spine	sub	telecom	thru	volans	wrists
accidently	acupuncturist	complaint	disposable	exterior	injected	insertion	tcm	transmission
bizarrely	blah	deleterious	margin	projected
cystic	sybase
barr	cfids	docs	ebs	ebv	epstein	mono	renaming
05	1980s	57	58	639	74	84	88	abnormalities	accid	account	accounted	actions	affected	amantadine	amplification	analyses	anesthesia	annually	assessment	atlanta	attainment	attributable	authors	automobile	behaviors	bifida	births	blacks	branch	brfss	buckle	categories	catherine	cdh	census	circumvents	clinics	competency	conception	confidence	considerable	considers	consistently	contacted	couples	covers	crashes	cryopreservation	decreased	developmental	dis	dmhc	donor	dysfunction	effectiveness	egg	embryo	embryos	emphasizes	employ	endocrinology	enforcement	estimates	exhibit	fallopian	females	fertility	fertilization	fluorescent	freezing	gamete	gang	geographic	gershman	gnrh	gynecology	h1n1	h3n2	highway	hispanics	household	hybridization	identification	implemented	increases	indicating	initiated	insemination	interpretation	intervals	interventions	intrafallopian	inversely	jm	ka	kentucky	largest	lh	lj	lupron	maine	mandatory	margolis	micromanipulation	molnar	morbidity	mortality	nancy	nebraska	neighborhoods	nonprofit	notification	objective	obstetrics	occurrence	october	olds	ovulatory	parents	partner	passenger	pathologies	perform	physiological	positivity	predominance	predominated	pregnancies	prenatal	prev	prevalences	promotion	prostitution	protection	racowsky	realistic	reduction	reflect	regardless	regional	regions	registry	reporting	reproduction	reproductive	requiring	respectively	respondents	restraints	resultant	retrieval	retrieved	rhode	rickettsial	rolfs	rt	seat	seats	semen	serves	sexually	situ	socioeconomic	spina	springs	staff	stds	stimulated	substantially	sudaan	summarizes	syphilis	szi	targeting	temporal	termination	tracts	traffic	transferred	transportation	trends	triangle	trisomy	tubal	tucson	undoubtedly	usage	variability	variants	variation	vehicle	violation	viruses	vitro	wagenaar	weekly	whites	youngest
biostat	biostatistics
rmtc	rsd
anderson	odin	rpidev2	tmc	uth
abdomen	bile	carbohydrates	cheese	cholistatis	lbs	operation
automatically
concert	courter	specialist
sher
lupron
automatically	blame	convict	culprit	pepper	sneeze
batavia	bloodcount	fnal
alcor	concordia	dermatologists	lasers	mckay
brein	colon	jplpost	rein
mistake
descriptions
ist
carson
leland	yearly
yeasts
amigan	cigarette	emphysema
kuhub	lungs	quitting	ukans
jacquier
claussen	moderated	psychoactive	psychoactives
confirm
flies	orr	steveo
jakstys	telecom
bursitis	philippe
erythromycin
268	648	carnegie	cbnewsd	cultural	engineers	fellowships	internships	jstmp	manufacturing	mellon	objectives	participants	tuition
stargardts
dopler	gia	gkiria	kheta	kiria
3rd	5th	6th	almonds	aloe	amendment	bht	cancers	cider	compiled	constitutional	distilled	drain	exercising	gallon	grape	grapes	herpes	hydrogen	kills	laetrile	magnetic	maxwell	mcg	mineral	ounces	oxidants	peroxide	prune	psionics	pulp	pulsating	radionics	rays	speech	stabilized	stay	tablespoons	twice	un	unorthodox	vera
exclusively	gabriel	manifestations	mcg2	orthopedists	town
dieting
cabin	crew	dfrf	dryden	edwards	inner	limits	mig	pilot	rigel	shafer
cornea	correction	depth	ircam	lenses	radial	vaporizes
1qhu7s	capsules	d3u	feblowitz	gte	mfeblowitz
levin
counselling	transfusions
feenix	marcbg	metronet
aluminum	barbeque	breasts	broiled	cake	coals	duck	duncan	earl	foil	grey	hines	initial	lid	mix	pot	stovetop	tangy
berryhill	udel
camb	inmet	mazur	overeating
contagiosem
24th	awareness	bake	communiversity	craft	lindsay	marlene	mstern	operations	papillomatosis	rrp	stern	tumors
aio	codeine	prescribe	tylenol
angle	congenital	fingertip	internists	lmsc	lockheed	pseudo	slagle	unclear
antineoplastons	jschwimmer	schwimmer
karicha	kathleen	richards	ucrengr
00am	15am	30am	45pm	___________	________________________________________________	aaai	addressed	alamos	algorithm	algorithms	appointments	arris	asai	attendees	automated	bases	biologists	breakfast	brutlag	buchanan	burks	classification	cohen	committee	computational	conf	constraint	continental	dimensional	distance	dorkeld	expert	functional	gautier	harold	hidden	hotel	identification	increasingly	induction	inference	intelligent	introduction	invited	ishikawa	ismb	jude	karp	koza	kulikowski	lapedes	lathrop	linguistic	lister	mapping	markov	mason	mavrovouniotis	mick	modeling	morowitz	multi	neural	nlm	noordewier	oriented	overview	parallel	pathways	perriere	pietrokovski	probabilistic	prof	programming	ramada	rawlings	reception	rechenmann	registration	regulation	relates	remarks	representation	representations	rutgers	sallantin	searls	secondary	sequences	sequencing	session	shavlik	shmuel	structural	structures	syntactic	topics	trna	tutorial	tutorials	waltz	wednesday	wisc
nurses	pediatrics	wuvmd
bhatt	damaged	honeywell	src	tendons
licensed
erythromycin	jeeves
alice	aliceb	tea4two
donate	donation	malarial
arythmia
barbecuing	tufts
devices	tripos	wearing
absolute	advocacy	dissertation	interpreted	invertebrate	invertebrates	marginal	proponents	refereed	speculative	unscientific
biting	geometry	surely	tails
precipitate
rutin
114	1165	451	47	477	49	52	58	63	68	74	75	85	accuracy	addiction	adolescent	agriculture	alaskan	ann	approximately	asuacad	atw1h	burden	cessation	cigarette	cigarettes	companions	comparing	confidence	contaminated	converted	cultured	dates	decomposition	dhhs	diarrheal	document	dvm	emerging	encouraging	epidemiologist	escherichia	failure	february	fidonet	foodborne	format	formerly	griffin	hamburger	hemolytic	hewlett	hospitalized	hpdp	indians	initiation	inspection	interior	investigations	isolated	issued	las	lets	license	likelihood	link	malaria	manifestations	manual	median	medium	mednews	met	mid	mph	multistate	natives	nevada	nhis	nicotine	objective	objectives	ocr	packard	pathogen	pathogens	pcx	pediatrics	plant	plants	postdiarrheal	practices	preceding	promotion	proportion	renal	revealed	routinely	rv	sb	scanned	scanner	select	settings	sized	slaughter	smac	smokers	specimens	stools	strategies	substantially	sudaan	summarizes	supplement	svc	svcs	target	targeted	tauxe	traced	triangle	undefined	uremic	vegas	welfare	wordscan	worldwide	youth
dale	lincoln	nebraska	unl	webb
intersection	somesh
credit	flawless	meme
adrenal	cortical	gland	helsinki	operoni
absol	gabriel	lymenet
informix
013	davpa	link	oping	partain
colby	oahu	staph	strains
652166	656	bridgend	droplets	output	particle	phillips	smtl	surgical	wales
emotional	intuitive	nexus	nfs	ntj	nts	phlegmatic	psychiatry	roots	semantic	wallis	yorku
feyerabend	hatreds	petty
meniere	prize	sufferers
intravenous	leisner	marty
3rd	bradley	critique	glutamic	youngsters
bbenowit	benowitz
aaron	alaska	anugula	apps	auburn	balamut	beamish	block	bradley	burton	cfv	cline	coleman	compass	da	debrum	dependent	discussions	edward	electronics	estd	gabe	gasp	gregory	gu	hc	heddings	hpl	hplb	huff	huffman	instructions	isaac	jesup	kerry	kirchoefer	kohane	kolar	kriguer	langdell	lau	lynn	maas	medg	mik	misha	morris	mosaic	muir	nancy	naval	owens	pertaining	popelka	pulkka	robyn	rolf	rpi	sharen	shipman	shoppa	surendar	swkirch	taryn	taylor	uky	unh	vcd	voting	wahlgren
cloud	eddie	iastate	julie	tasted	tomatoes
drand	osf	spinner
sting	stung	surprise	turner
devoted	qa	uic
ampex	oracle
amitriptyline	roberts	uwo
circumcision	dorsal	foreskin	len	simpler	slit
___	_____	______	nielsen
physicals
cookbook	klier	lunger
dehydration
investigations	iteb	kravchenko	kutuzova	serpukhov	starvation	venus
moisturizing
cipr	considine	dbc	milsh	milshteyn	nmr	welkin
cern	filipe	sqf
barbecue	candy	cream	dm	fudge	fuzzy	ice	inn	kiran	mm	moonlite	niven	owensboro	pink	potato	realistic	ribs	sundae	unrealistic	unrealistically	whipped
akron	bumps	flamed	jiggers	jperkski	kentcomm	nail	polish	susan
concentration	excitotoxin	glial	neuron	neurotransmitter	ohsu	receptor	tong
evan	evanh	hunt	iscnvx	lmsc	lockheed	sharen	web
disprove	jealosy
duke
churchill	pchurch	sighted
aspartate	bizarrely	undisputed
citib	dmp	donna	fig	helping	nsaid	psoriatic	relieve	tendonitis
ruegg
dacumos	noah	penicillin
julkunen	messi	uku
attmail	manipulative	osteopathy	pediatrician	sbrenner	scott
chi	chinet	faked	movie	wwii
industries
roxonal
altered	ancient	choices	civilizations	garbage	global	god	hopefully	kings	nuclear	pool	pull	ruegg	spirit	survive	survived	warming
tron
discriminate	residents	worst
blocking	jake	miscarriage	transfusion	worldbank
duca	hitachi
addictive	believes	conditioning
alexis	husc10	perry	perry1
bacitracin
garden	geometry	lehr	occasional	solutions	surely	ted	worms
donors	transplants
churchill	clearasil	dalacin	pchurch	teenage
baring
receptors
358	71	antero	finland	julkunen	kuopio	messi	uku
akins
ald	begun	dale	demyelination	lorenzo	movie	progression
4th	chunks	molnar	plaque	squats
bruise	bulletin	launchpad	sore	tammy	testicles	vandenboom
actions	alleviating	anxiety	compulsions	compulsive	digital	dsm	dwovax	intrusive	obsessions	obsessive	ocd	stark	todd
kfl	sher
davel	davelpcsandiego	lord	yoghurt
lisa	lmegna	megna	neurofibromatosis	titan	umass
donnell	equator	imho
ktodd	mvhs	snd	walrus
nwu	sector
buster	cliff	counselor	dramatically	examine
malard	marrow	mcgill	sclerosis
coca	theraputic
custer	paying	wrc	wrgrace
condemning
manipulation	schaeffer
coherent	crazy	creationists	crystals	directions	existence	lysenko	motivations	predict	predicted	replicated	verification
depressants	jt
ab961	bursitis
alot	dufault	gather	lftfld
ama	diagnoses	licensed	moderated	pee	unscrupulous	wanna
pathogen
ritley
lactose	sapiens
diabetic	distorted	episode	peripheral	retinal	turner
aluminum	barbeque	breasts	broiled	cake	coals	duck	duncan	earl	foil	grey	hines	initial	lid	mix	pot	stovetop	tangy
hyperion	spud
armond	dixie	jgd	ya
contraceptive	iud	ovulation	ovule	prevents
contraceptive	jec	ovule	zurich
cerulean	christens	cytoskeleton	dynamics	properties	transformed
adiposity	camb	inmet	mazur	temporary
chiropractic	ginzberg	rginzberg	ruth	spring
feenix	metronet
confirm
bbenowit	benowitz
sacrum	vertebrae
concert	len	obgyn	rock
huang	iastate	iowa
lungs
pk115050	wvnet	wvnvms
expert	fetal	nwu	sector	ultrasounds
libman	ml	repair	shop
deteriorate	deuterium	fusion	informix	ingested	johnson	marconi	mrc	paj	poisoner
balick	coca	nynexst
biopsy
shy
amniocentesis	suite	tarbell
adrenal	biotechnology	christophe	cortical	gland	helsinki
3258	421	516	anne	annual	awareness	bette	brook	committee	donor	friedman	grenzig	healy	honored	jennifer	jericho	kay	lewis	marie	meetings	membership	nicole	notdaw	pancreas	recipients	scheduled	slate	snow	speaker	starzl	stony	suglia	teperman	transplantation	treffeisen	trio	uniondale	vito	wednesday
ankles	bites	chiggers	combination	cortisone	fingernail	itch	polish	sulfur
accpak	adjust	adjustable	adverse	amt	archived	backrest	bending	caringforwrists	chairs	comfort	comp	compressed	desk	deviation	diffuse	document	elbows	ergonomics	exe	fibers	files	flat	flexpro	flow	fuzzy	generates	grip	height	hollow	incomplete	inflamation	inflamed	iubvm	kinesis	labour	leaning	manager	marked	mechanical	mikey	oos	overuse	pads	palm	pit	pronation	rehabilitation	relax	replacements	requests	rests	schematic	seat	shar	sheath	shoulders	sorehand	spine	subscribe	synonym	tenderness	tendonitis	tendons	tenosynovitis	tense	thighs	tidbits	tilt	tingling	tunnel	turning	ucsf	ulnar	usage	vendors	vm	wrists
